{"cameraMode":{"drawMode":0,"name":"Shaded","section":"Shading Mode"},"sceneLighting":false,"audioPlay":false,"sceneViewState":{"showFog":true,"showMaterialUpdate":false,"showSkybox":false,"showFlares":true,"showImageEffects":true,"showParticleSystems":true},"in2DMode":false,"pivot":{"x":-0.004784643650054932,"y":0.4860324263572693,"z":0.016467422246932985},"rotation":{"x":0.0887383371591568,"y":0.8271435499191284,"z":-0.13645446300506593,"w":0.5379031300544739},"size":0.9113235473632813,"orthographic":true}